name	image
MÓW DO MNIE BRZYDKO / koszulka męska / biała	https://nadwyraz-63557.shoparena.pl/console/image/resize/nowatermark/1/type/productGfx/image/19997.jpg
WZIĄĆ / koszulka męska / szary melanż	https://nadwyraz-63557.shoparena.pl/console/image/resize/nowatermark/1/type/productGfx/image/12232.jpg
WELTSCHMERZ / koszulka damska / biała	https://nadwyraz-63557.shoparena.pl/console/image/resize/nowatermark/1/type/productGfx/image/189.jpg
I SPEAK POLISH! WHAT'S YOUR SUPERPOWER? / koszulka męska / biała	https://nadwyraz-63557.shoparena.pl/console/image/resize/nowatermark/1/type/productGfx/image/279.jpg
I SPEAK POLISH! WHAT'S YOUR SUPERPOWER? / koszulka męska / czarna	https://nadwyraz-63557.shoparena.pl/console/image/resize/nowatermark/1/type/productGfx/image/12263.jpg
I SPEAK POLISH! WHAT'S YOUR SUPERPOWER? / koszulka męska / bordowa	https://nadwyraz-63557.shoparena.pl/console/image/resize/nowatermark/1/type/productGfx/image/261.jpg
KOŁDRIAN / koszulka męska / biała	https://nadwyraz-63557.shoparena.pl/console/image/resize/nowatermark/1/type/productGfx/image/2500.jpg
LEARN POLISH! IT'S EASY! / koszulka męska / czarna	https://nadwyraz-63557.shoparena.pl/console/image/resize/nowatermark/1/type/productGfx/image/2580.jpg
WELTSCHMERZ / koszulka damska / czarna	https://nadwyraz-63557.shoparena.pl/console/image/resize/nowatermark/1/type/productGfx/image/20017.jpg
KOŁDRIAN / koszulka damska / biała	https://nadwyraz-63557.shoparena.pl/console/image/resize/nowatermark/1/type/productGfx/image/2434.jpg
WZIĄĆ / koszulka damska / biała	https://nadwyraz-63557.shoparena.pl/console/image/resize/nowatermark/1/type/productGfx/image/20028.jpg
